{
  "afro adura": {
    "precision": 1.0,
    "recall": 0.5,
    "f1-score": 0.6666666666666666,
    "support": 4.0
  },
  "afro house": {
    "precision": 1.0,
    "recall": 0.8571428571428571,
    "f1-score": 0.9230769230769231,
    "support": 7.0
  },
  "afro r&b": {
    "precision": 0.9230769230769231,
    "recall": 1.0,
    "f1-score": 0.96,
    "support": 12.0
  },
  "afrobeat": {
    "precision": 0.8333333333333334,
    "recall": 0.8333333333333334,
    "f1-score": 0.8333333333333334,
    "support": 6.0
  },
  "alternative metal": {
    "precision": 1.0,
    "recall": 1.0,
    "f1-score": 1.0,
    "support": 19.0
  },
  "alternative rock": {
    "precision": 1.0,
    "recall": 1.0,
    "f1-score": 1.0,
    "support": 17.0
  },
  "americana": {
    "precision": 1.0,
    "recall": 1.0,
    "f1-score": 1.0,
    "support": 4.0
  },
  "art pop": {
    "precision": 1.0,
    "recall": 1.0,
    "f1-score": 1.0,
    "support": 6.0
  },
  "art rock": {
    "precision": 1.0,
    "recall": 0.75,
    "f1-score": 0.8571428571428571,
    "support": 4.0
  },
  "baroque pop": {
    "precision": 1.0,
    "recall": 1.0,
    "f1-score": 1.0,
    "support": 13.0
  },
  "bebop": {
    "precision": 1.0,
    "recall": 1.0,
    "f1-score": 1.0,
    "support": 9.0
  },
  "big room": {
    "precision": 1.0,
    "recall": 1.0,
    "f1-score": 1.0,
    "support": 12.0
  },
  "bolero": {
    "precision": 1.0,
    "recall": 1.0,
    "f1-score": 1.0,
    "support": 5.0
  },
  "britpop": {
    "precision": 1.0,
    "recall": 0.6666666666666666,
    "f1-score": 0.8,
    "support": 6.0
  },
  "brooklyn drill": {
    "precision": 1.0,
    "recall": 1.0,
    "f1-score": 1.0,
    "support": 4.0
  },
  "chamber music": {
    "precision": 1.0,
    "recall": 1.0,
    "f1-score": 1.0,
    "support": 15.0
  },
  "children's music": {
    "precision": 1.0,
    "recall": 1.0,
    "f1-score": 1.0,
    "support": 6.0
  },
  "choral": {
    "precision": 0.8333333333333334,
    "recall": 1.0,
    "f1-score": 0.9090909090909091,
    "support": 5.0
  },
  "christmas": {
    "precision": 1.0,
    "recall": 0.42857142857142855,
    "f1-score": 0.6,
    "support": 7.0
  },
  "classic rock": {
    "precision": 0.8529411764705882,
    "recall": 1.0,
    "f1-score": 0.9206349206349206,
    "support": 29.0
  },
  "classic soul": {
    "precision": 0.9411764705882353,
    "recall": 1.0,
    "f1-score": 0.9696969696969697,
    "support": 16.0
  },
  "country": {
    "precision": 0.8333333333333334,
    "recall": 0.7142857142857143,
    "f1-score": 0.7692307692307693,
    "support": 14.0
  },
  "dance": {
    "precision": 1.0,
    "recall": 0.75,
    "f1-score": 0.8571428571428571,
    "support": 4.0
  },
  "dancehall": {
    "precision": 0.8947368421052632,
    "recall": 0.8947368421052632,
    "f1-score": 0.8947368421052632,
    "support": 19.0
  },
  "death metal": {
    "precision": 1.0,
    "recall": 1.0,
    "f1-score": 1.0,
    "support": 6.0
  },
  "disco": {
    "precision": 1.0,
    "recall": 0.6666666666666666,
    "f1-score": 0.8,
    "support": 6.0
  },
  "disco house": {
    "precision": 1.0,
    "recall": 0.4,
    "f1-score": 0.5714285714285714,
    "support": 5.0
  },
  "doom metal": {
    "precision": 1.0,
    "recall": 1.0,
    "f1-score": 1.0,
    "support": 8.0
  },
  "dream pop": {
    "precision": 1.0,
    "recall": 1.0,
    "f1-score": 1.0,
    "support": 10.0
  },
  "east coast hip hop": {
    "precision": 1.0,
    "recall": 1.0,
    "f1-score": 1.0,
    "support": 5.0
  },
  "edm": {
    "precision": 1.0,
    "recall": 0.9375,
    "f1-score": 0.967741935483871,
    "support": 16.0
  },
  "eurodance": {
    "precision": 1.0,
    "recall": 0.8333333333333334,
    "f1-score": 0.9090909090909091,
    "support": 6.0
  },
  "folk": {
    "precision": 1.0,
    "recall": 0.6666666666666666,
    "f1-score": 0.8,
    "support": 6.0
  },
  "folk pop": {
    "precision": 0.9166666666666666,
    "recall": 1.0,
    "f1-score": 0.9565217391304348,
    "support": 11.0
  },
  "funk": {
    "precision": 1.0,
    "recall": 0.9444444444444444,
    "f1-score": 0.9714285714285714,
    "support": 18.0
  },
  "garage rock": {
    "precision": 1.0,
    "recall": 1.0,
    "f1-score": 1.0,
    "support": 5.0
  },
  "german hip hop": {
    "precision": 0.9761904761904762,
    "recall": 1.0,
    "f1-score": 0.9879518072289156,
    "support": 41.0
  },
  "german indie": {
    "precision": 1.0,
    "recall": 1.0,
    "f1-score": 1.0,
    "support": 38.0
  },
  "german pop": {
    "precision": 0.918918918918919,
    "recall": 1.0,
    "f1-score": 0.9577464788732394,
    "support": 34.0
  },
  "hard rock": {
    "precision": 1.0,
    "recall": 1.0,
    "f1-score": 1.0,
    "support": 6.0
  },
  "hip hop": {
    "precision": 1.0,
    "recall": 0.8,
    "f1-score": 0.8888888888888888,
    "support": 5.0
  },
  "house": {
    "precision": 1.0,
    "recall": 0.6923076923076923,
    "f1-score": 0.8181818181818182,
    "support": 13.0
  },
  "indie": {
    "precision": 1.0,
    "recall": 1.0,
    "f1-score": 1.0,
    "support": 8.0
  },
  "indie rock": {
    "precision": 1.0,
    "recall": 1.0,
    "f1-score": 1.0,
    "support": 8.0
  },
  "k-pop": {
    "precision": 0.9767441860465116,
    "recall": 0.9767441860465116,
    "f1-score": 0.9767441860465116,
    "support": 43.0
  },
  "latin": {
    "precision": 0.9285714285714286,
    "recall": 1.0,
    "f1-score": 0.9629629629629629,
    "support": 13.0
  },
  "melodic rap": {
    "precision": 1.0,
    "recall": 0.75,
    "f1-score": 0.8571428571428571,
    "support": 4.0
  },
  "neo soul": {
    "precision": 0.8333333333333334,
    "recall": 0.8333333333333334,
    "f1-score": 0.8333333333333334,
    "support": 6.0
  },
  "neue deutsche welle": {
    "precision": 1.0,
    "recall": 1.0,
    "f1-score": 1.0,
    "support": 6.0
  },
  "new wave": {
    "precision": 1.0,
    "recall": 1.0,
    "f1-score": 1.0,
    "support": 6.0
  },
  "other": {
    "precision": 0.8848484848484849,
    "recall": 0.8066298342541437,
    "f1-score": 0.8439306358381503,
    "support": 181.0
  },
  "pop": {
    "precision": 0.8888888888888888,
    "recall": 0.7272727272727273,
    "f1-score": 0.8,
    "support": 11.0
  },
  "r&b": {
    "precision": 1.0,
    "recall": 1.0,
    "f1-score": 1.0,
    "support": 20.0
  },
  "rap": {
    "precision": 1.0,
    "recall": 0.5555555555555556,
    "f1-score": 0.7142857142857143,
    "support": 9.0
  },
  "rock and roll": {
    "precision": 1.0,
    "recall": 1.0,
    "f1-score": 1.0,
    "support": 21.0
  },
  "schlager": {
    "precision": 1.0,
    "recall": 0.9090909090909091,
    "f1-score": 0.9523809523809523,
    "support": 11.0
  },
  "slowcore": {
    "precision": 1.0,
    "recall": 0.75,
    "f1-score": 0.8571428571428571,
    "support": 4.0
  },
  "soft pop": {
    "precision": 1.0,
    "recall": 1.0,
    "f1-score": 1.0,
    "support": 9.0
  },
  "tropical house": {
    "precision": 1.0,
    "recall": 1.0,
    "f1-score": 1.0,
    "support": 7.0
  },
  "unknown": {
    "precision": 0.8943089430894309,
    "recall": 1.0,
    "f1-score": 0.944206008583691,
    "support": 330.0
  },
  "accuracy": 0.9321458863443596,
  "macro avg": {
    "precision": 0.9721733789799191,
    "recall": 0.8940713698512874,
    "f1-score": 0.9221977212595619,
    "support": 1179.0
  },
  "weighted avg": {
    "precision": 0.9348460504529227,
    "recall": 0.9321458863443596,
    "f1-score": 0.9287588412788865,
    "support": 1179.0
  }
}